Price,rooms,price_per_m2,level,levels,year,area_total,area_living,area_kitchen,street,area_comfort
140000.0,2.0,2258.0,7,9,1969,62.0,47.0,9.0,Омеляновича-Павленка,6.0
105000.0,4.0,847.0,25,26,2018,124.0,71.0,16.0,Ованеса Туманяна,37.0
175000.0,3.0,1786.0,25,26,2010,98.0,37.0,14.0,Ованеса Туманяна,47.0
30970.0,1.0,1106.0,12,13,2013,28.0,13.0,5.0,Петропавлівська,10.0
82000.0,2.0,1281.0,18,26,2009,64.0,37.0,14.0,Дніпровська,13.0
168535.7,3.0,1872.6,4,9,1966,90.0,45.0,10.0,Саксаганського,35.0
4500000.0,4.0,14610.0,18,21,2011,308.0,37.0,14.0,Івана Мазепи,257.0
135000.0,2.0,2077.0,16,23,2012,65.0,25.0,18.0,Дніпровська,22.0
120000.0,1.0,2500.0,8,25,2012,48.0,18.0,16.0,Ділова,14.0
57500.0,3.0,625.0,9,9,1970,92.0,37.0,14.0,Новодарницька,41.0
98000.0,2.0,1633.0,21,34,2014,60.0,41.0,27.0,Ревуцького,18.0
170000.0,3.0,1735.0,16,22,2018,98.0,48.0,35.0,Липківського,15.0
320000.0,5.0,1963.0,23,25,2017,163.0,100.0,14.0,Бендукідзе,49.0
65000.0,1.0,2600.0,1,3,2009,25.0,20.0,3.0,Введенська,2.0
125000.0,2.0,2778.0,6,9,1965,45.0,37.0,14.0,Виноградний,18.0
48000.0,1.0,849.0,22,25,2009,69.0,40.0,10.0,Кайсарова,19.0
70000.0,1.0,1273.0,26,27,2004,55.0,22.0,12.0,Ахматової,21.0
75000.0,3.0,1005.0,4,26,2009,69.0,37.0,14.0,Радченка,18.0
84000.0,2.0,1273.0,6,26,2009,66.0,37.0,18.0,Дніпровська,11.0
175000.0,1.0,1725.8,7,25,2012,69.0,37.0,14.0,Ділова,18.0
63000.0,3.0,900.0,7,10,1987,70.0,44.0,14.0,Бориспільська,12.0
390000.0,3.0,3000.0,11,28,2013,130.0,48.0,66.0,Болсуновська,16.0
335000.0,3.0,3160.0,24,28,2017,106.0,55.0,24.0,Українки,27.0
320000.0,3.0,3137.0,15,24,2016,102.0,70.0,20.0,Антонова,12.0
118000.0,2.0,1311.0,15,25,1959,90.0,41.0,13.0,Науки,36.0
159990.0,4.0,1437.0,6,10,2016,69.0,37.0,30.0,Метрологічна,2.0
85000.0,3.0,1417.0,2,5,1961,60.0,44.0,6.0,Дружби Народів,10.0
155022.2,1.0,2541.3,8,18,2009,61.0,37.0,14.0,Драгомирова,10.0
590000.0,3.0,5900.0,8,18,2009,100.0,37.0,14.0,Драгомирова,49.0
84000.0,2.0,1333.0,2,16,2016,63.0,32.0,15.0,Данченка,16.0
35000.0,2.0,778.0,1,2,2009,45.0,37.0,14.0,Кримська,18.0
63000.0,2.0,969.0,4,25,2009,65.0,31.0,13.0,Новопольова,21.0
40000.0,2.0,870.0,3,5,1963,46.0,30.0,8.0,Туполєва,8.0
42654.8,1.0,1375.9,8,18,2009,31.0,37.0,14.0,Дніпровська,18.0
60000.0,1.0,1463.0,2,26,2009,41.0,37.0,14.0,Дніпровська,18.0
130000.0,2.0,1625.0,6,25,2010,80.0,37.0,14.0,Перемоги,29.0
346500.0,2.0,4500.0,7,24,2019,77.0,38.0,20.0,Івана Федорова,19.0
46998.0,2.0,1000.0,5,5,1968,47.0,35.0,8.0,Братиславська,4.0
10092.1,1.0,672.8,8,18,2009,15.0,37.0,14.0,Червоноткацька,18.0
29256.6,1.0,978.5,1,5,2009,69.0,37.0,14.0,Червоноткацька,18.0
166000.0,1.0,3532.0,2,9,2009,47.0,22.0,16.0,Златоустівська,9.0
115000.0,4.0,1369.0,5,9,1970,84.0,35.0,9.0,Бойченка,40.0
298000.0,3.0,2249.0,11,23,2016,69.0,37.0,14.0,Трускавецька,18.0
43100.0,1.0,1390.0,8,26,2018,31.0,16.0,5.0,Каховська,10.0
179900.0,4.0,1475.0,19,27,2010,122.0,37.0,14.0,Лобановського,71.0
96255.3,1.0,1504.0,8,18,2009,64.0,37.0,14.0,Курчатова,13.0
56500.0,3.0,926.0,6,9,1970,61.0,40.0,7.0,Курчатова,14.0
110000.0,1.0,1930.0,19,25,2008,57.0,37.0,14.0,Голосіївська,6.0
47000.0,1.0,1146.0,5,16,1990,41.0,10.0,16.0,Тираспольська,15.0
90000.0,2.0,2195.0,1,9,2009,41.0,28.0,6.0,Лаврська,7.0
44980.0,1.0,1249.0,19,25,2017,36.0,16.0,14.0,Правди,6.0
58000.0,4.0,921.0,5,9,1968,63.0,40.0,7.0,Миколайчука,16.0
63000.0,3.0,863.0,5,9,1982,73.0,41.0,9.0,Порика,23.0
136000.0,1.0,3022.0,6,23,2015,45.0,15.0,17.0,Маккейна,13.0
73860.0,2.0,1319.0,5,9,2009,56.0,30.0,9.0,Йорданська,17.0
160000.0,2.0,2712.0,18,24,2019,59.0,37.0,20.0,Тютюнника,2.0
135000.0,3.0,1588.0,8,10,2015,85.0,49.0,12.0,Регенераторна,24.0
120000.0,1.0,2400.0,12,23,2015,50.0,18.0,15.0,Зарічна,17.0
58990.0,1.0,1450.0,3,34,2009,69.0,16.0,10.0,Заболотного,43.0
90000.0,4.0,1059.0,4,10,1994,85.0,37.0,14.0,Курнатовського,34.0
187000.0,3.0,1550.0,2,5,1934,69.0,37.0,14.0,Інститутська,18.0
88000.0,2.0,1222.0,16,25,2020,72.0,37.0,15.0,Маланюка,20.0
102000.0,2.0,1619.0,10,16,2019,63.0,26.0,22.0,Гречка,15.0
110000.0,1.0,1833.0,14,24,2018,60.0,21.0,15.0,Липківського,24.0
160000.0,2.0,3077.0,3,24,2015,52.0,13.0,18.0,Маккейна,21.0
225000.0,5.0,1500.0,23,24,2008,150.0,78.0,18.0,Григоренка,54.0
75000.0,2.0,1562.0,4,9,1966,48.0,30.0,7.0,Коновальця,11.0
59860.0,3.0,798.0,3,9,2009,75.0,40.0,9.0,Закревського,26.0
43161.0,2.0,732.0,13,18,2009,59.0,30.0,16.0,Старонаводницька,13.0
140000.0,2.0,1842.0,13,18,1991,76.0,39.0,14.0,Старонаводницька,23.0
78000.0,1.0,1418.0,7,26,2009,55.0,15.0,18.0,Маланюка,22.0
230000.0,2.0,2771.0,6,7,1915,83.0,45.0,11.0,Заньковецької,27.0
178000.0,2.0,2373.0,2,16,2009,75.0,37.0,21.0,Кудрявська,17.0
63000.0,3.0,900.0,23,23,2009,70.0,35.0,14.0,Українки,21.0
495000.0,3.0,4420.0,11,32,2017,112.0,45.0,54.0,Українки,13.0
45900.0,2.0,478.0,31,34,2009,96.0,62.0,16.0,Милославська,18.0
33000.0,1.0,1000.0,14,24,2009,33.0,16.0,5.0,Милославська,12.0
66500.0,3.0,1147.0,3,5,1961,58.0,42.0,7.0,Донця,9.0
119900.0,3.0,1462.0,8,12,2002,82.0,48.0,14.0,Верховинця,20.0
145000.0,4.0,1381.0,1,9,1977,105.0,80.0,12.0,Героїв Дніпра,13.0
118000.0,3.0,1494.0,17,25,2018,79.0,36.0,35.0,Каховська,8.0
41000.0,1.0,1323.0,21,26,2018,31.0,12.0,8.0,Каховська,11.0
59899.0,2.0,1070.0,8,10,1995,56.0,34.0,8.0,Вишняківська,14.0
177000.0,2.0,2565.0,3,4,2009,69.0,41.0,8.0,Липська,20.0
63000.0,1.0,1286.0,11,25,2019,49.0,16.0,16.0,Сверстюка,17.0
499000.0,3.0,4229.0,8,18,2009,118.0,37.0,14.0,Драгомирова,67.0
49500.0,1.0,1269.0,19,26,2009,39.0,17.0,11.0,Причальна,11.0
275000.0,2.0,4435.0,22,28,2013,62.0,30.0,20.0,Болсуновська,12.0
93000.0,3.0,1336.0,13,14,1994,69.0,48.0,14.0,Повітрофлотський,7.0
87500.0,2.0,1306.0,20,25,2015,67.0,37.0,14.0,Драгоманова,16.0
110000.0,3.0,1325.0,4,24,2008,83.0,37.0,30.0,Григоренка,16.0
900000.0,4.0,3600.0,23,24,2012,250.0,37.0,14.0,Дніпровська,199.0
86000.0,1.0,2205.0,3,8,2014,39.0,37.0,14.0,Жабаєва,18.0
335000.0,3.0,2577.0,9,14,2014,130.0,60.0,60.0,Філатова,10.0
67000.0,2.0,971.0,3,26,2021,69.0,25.0,21.0,Правди,23.0
90000.0,2.0,1800.0,4,4,1896,50.0,37.0,6.0,Малопідвальна,7.0
101500.0,1.0,2307.0,8,11,2009,44.0,22.0,13.0,Бойчука,9.0
104000.0,3.0,1169.0,18,26,2009,89.0,37.0,40.0,Зарічна,12.0
190000.0,2.0,3167.0,9,21,2017,60.0,37.0,25.0,Предславинська,18.0
3600000.0,6.0,8000.0,25,25,2011,450.0,288.0,45.0,Івана Мазепи,117.0
63000.0,2.0,1033.0,10,26,2009,61.0,28.0,12.0,Радченка,21.0
680000.0,7.0,2369.0,21,21,2010,287.0,177.0,14.0,Лабораторний,96.0
139000.0,2.0,1829.0,20,21,2018,76.0,31.0,19.0,Конєва,26.0
347700.0,4.0,1900.0,4,25,2011,183.0,100.0,17.0,Шаповала,66.0
85000.0,2.0,1328.0,4,24,2009,64.0,30.0,20.0,Дніпровська,14.0
35600.0,1.0,989.0,10,26,2009,36.0,15.0,12.0,Клеманська,9.0
85000.0,3.0,1133.0,9,15,1999,75.0,42.0,8.0,Григоренка,25.0
46000.0,1.0,1022.0,4,5,1963,45.0,37.0,10.0,Туполєва,18.0
125000.0,2.0,2358.0,3,4,1860,53.0,42.0,5.0,Хмельницького,6.0
530000.0,3.0,3926.0,4,15,2017,135.0,50.0,40.0,Саперне Поле,45.0
229000.0,3.0,2140.0,7,25,2007,107.0,50.0,14.0,Героїв Сталінграда,43.0
117000.0,3.0,1401.0,14,26,2009,69.0,37.0,14.0,Дніпровська,18.0
110000.0,2.0,2000.0,3,9,1971,55.0,37.0,14.0,Тарасівська,4.0
92900.0,3.0,1021.0,4,5,1956,91.0,56.0,11.0,Краківська,24.0
77500.0,1.0,1845.0,5,9,2018,42.0,17.0,15.0,Юнацька,10.0
40500.0,1.0,1067.0,4,26,2009,69.0,37.0,14.0,Клеманська,18.0
136000.0,3.0,1462.0,2,16,1998,93.0,50.0,28.0,Героїв Сталінграда,15.0
220000.0,2.0,2619.0,3,8,1948,84.0,52.0,13.0,Драгоманова,19.0
125000.0,3.0,1147.0,23,26,2011,109.0,83.0,16.0,Драгоманова,10.0
100000.0,2.0,1818.0,8,18,1958,55.0,37.0,14.0,Українки,4.0
80000.0,1.0,2581.0,22,25,2018,31.0,14.0,14.0,Тимошенка,3.0
57000.0,3.0,851.0,5,9,1985,67.0,37.0,14.0,Маяковського,16.0
170000.0,2.0,1932.0,3,9,2005,88.0,44.0,22.0,Дмитрівська,22.0
59750.0,2.0,996.0,14,15,1980,60.0,53.0,10.0,Курбаса,18.0
42678.6,1.0,1094.3,16,16,2009,39.0,12.0,14.0,Комарова,13.0
92000.0,2.0,1227.0,2,25,2015,75.0,38.0,15.0,Драгоманова,22.0
115000.0,2.0,1597.0,4,32,2019,72.0,37.0,14.0,Драгомирова,21.0
54000.0,1.0,1227.0,18,25,2019,44.0,37.0,14.0,Моторний,18.0
45500.0,1.0,929.0,2,9,1995,49.0,14.0,24.0,Милославська,11.0
91500.0,1.0,2288.0,11,11,2020,40.0,20.0,12.0,Бойчука,8.0
60500.0,3.0,818.0,4,9,1990,74.0,37.0,14.0,Закревського,23.0
250000.0,1.0,4630.0,7,25,2019,54.0,15.0,20.0,Івана Федорова,19.0
78000.0,2.0,1773.0,3,9,1966,44.0,37.0,14.0,Філатова,18.0
84999.0,4.0,885.0,7,16,1986,96.0,37.0,13.0,Миропільська,46.0
83000.0,3.0,856.0,1,22,2007,97.0,65.0,14.0,Григоренка,18.0
129999.0,2.0,2063.0,6,9,2018,63.0,30.0,15.0,Юнацька,18.0
70000.0,3.0,729.0,4,4,1946,96.0,37.0,14.0,Вишгородська,45.0
36000.0,1.0,1200.0,5,9,2009,30.0,13.0,10.0,Жолудєва,7.0
210000.0,3.0,1409.0,7,12,2001,149.0,87.0,16.0,Павлівська,46.0
85900.0,3.0,1263.0,6,8,1964,68.0,47.0,6.0,Голосіївський,15.0
108000.0,1.0,2160.0,2,25,2019,50.0,30.0,10.0,Осокорська,10.0
120000.0,3.0,1395.0,10,24,2009,86.0,40.0,17.0,Вишгородська,29.0
221000.0,2.0,3400.0,8,10,2009,65.0,37.0,14.0,Драгомирова,14.0
60000.0,1.0,1818.0,5,5,1962,33.0,37.0,16.0,Тютюнника,18.0
165000.0,2.0,2845.0,6,24,2015,58.0,25.0,22.0,Маккейна,11.0
200000.0,5.0,1481.0,4,4,1917,135.0,37.0,14.0,Івана Мазепи,84.0
145000.0,2.0,1933.0,5,24,2007,75.0,44.0,14.0,Героїв Сталінграда,17.0
199000.0,3.0,2488.0,2,25,2018,80.0,33.0,22.0,Липківського,25.0
186117.4,1.0,3579.2,8,18,2009,52.0,37.0,14.0,Коновальця,1.0
199000.0,2.0,2073.0,10,25,2005,96.0,43.0,16.0,Коновальця,37.0
50700.0,1.0,1300.0,6,14,2019,39.0,25.0,8.0,Максимовича,6.0
185000.0,2.0,2256.0,5,21,2015,82.0,61.0,12.0,Зарічна,9.0
152000.0,2.0,1667.0,24,25,2008,69.0,41.0,14.0,Голосіївська,14.0
92000.0,3.0,965.0,1,25,2009,69.0,48.0,16.0,Ясинуватський,5.0
49387.4,1.0,881.9,8,18,2009,56.0,37.0,14.0,Колоса,5.0
56500.0,1.0,1749.0,5,7,2019,69.0,21.0,5.0,Колоса,43.0
80000.0,1.0,2105.0,11,21,2017,38.0,12.0,15.0,Правди,11.0
480000.0,4.0,2609.0,5,6,1915,184.0,108.0,34.0,Велика Васильківська,42.0
59000.0,2.0,1157.0,2,12,1981,51.0,37.0,14.0,Голосіївський,0.0
149632.1,1.0,3183.6,8,18,2009,47.0,37.0,14.0,Бойчука,18.0
147075.0,2.0,2228.0,9,11,2009,66.0,37.0,14.0,Бойчука,15.0
86860.0,2.0,905.0,10,10,2017,96.0,44.0,23.0,Центральна,29.0
97000.0,2.0,1260.0,16,22,2018,77.0,37.0,14.0,Ясинуватський,26.0
55000.0,2.0,1222.0,13,16,1980,45.0,37.0,11.0,Райдужна,18.0
138000.0,2.0,1811.0,3,15,2014,69.0,37.0,14.0,Ломоносова,18.0
105000.0,2.0,1504.0,4,25,2014,69.0,37.0,14.0,Гусовського,18.0
66016.1,1.0,1784.2,8,18,2009,37.0,37.0,14.0,Гусовського,18.0
284000.0,2.0,2812.0,7,11,2004,101.0,37.0,14.0,Гусовського,50.0
155000.0,3.0,1550.0,13,23,2006,100.0,37.0,14.0,Окіпної,49.0
49899.0,1.0,1386.0,1,9,1978,36.0,18.0,7.0,Багговутівська,11.0
95000.0,2.0,1696.0,9,9,1966,56.0,34.0,8.0,Дружби Народів,14.0
380000.0,3.0,3585.0,9,21,2019,106.0,37.0,14.0,Маккейна,55.0
46000.0,2.0,913.0,1,4,2009,69.0,30.0,12.0,Маланюка,27.0
60150.0,1.0,1504.0,21,26,2009,40.0,14.0,20.0,Михайла Котельникова,6.0
185000.0,3.0,1745.0,8,25,2016,106.0,37.0,38.0,Героїв Севастополя,31.0
81000.0,2.0,964.0,18,26,2020,84.0,37.0,17.0,Маланюка,30.0
620000.0,3.0,4769.0,4,15,2017,130.0,66.0,16.0,Саперне Поле,48.0
48700.0,1.0,991.0,19,25,2009,69.0,37.0,14.0,Балтійський,18.0
234000.0,3.0,2000.0,7,15,2009,117.0,76.0,12.0,Кудрявська,29.0
135000.0,2.0,2523.0,28,34,2018,69.0,37.0,14.0,Перемоги,18.0
130000.0,2.0,2600.0,1,5,1964,50.0,37.0,12.0,Німанська,1.0
54100.0,1.0,1339.0,4,26,2018,69.0,37.0,14.0,Каховська,18.0
239000.0,3.0,3025.0,3,7,1954,79.0,44.0,13.0,Малопідвальна,22.0
140000.0,2.0,2188.0,10,14,2009,64.0,34.0,15.0,Невська,15.0
128000.0,2.0,2612.0,5,14,2015,49.0,14.0,17.0,Златоустівська,18.0
31000.0,1.0,1107.0,9,9,1986,28.0,13.0,6.0,Берковецька,9.0
41187.0,1.0,936.0,3,13,2009,44.0,19.0,11.0,Берковецька,14.0
120000.0,3.0,1188.0,11,16,1998,101.0,37.0,14.0,Бажана,50.0
740000.0,1.0,2772.0,20,24,2019,267.0,150.0,75.0,Антоновича,42.0
180000.0,3.0,2400.0,3,8,1990,75.0,41.0,9.0,Гречка,25.0
63000.0,3.0,900.0,1,9,1973,70.0,41.0,8.0,Гречка,21.0
126000.0,2.0,1658.0,15,32,2020,76.0,41.0,14.0,Микільсько-Слобідська,21.0
80000.0,2.0,1067.0,6,26,2009,75.0,27.0,21.0,Правди,27.0
98000.0,1.0,1750.0,8,18,2018,56.0,22.0,19.0,Тимошенка,15.0
150000.0,2.0,1807.0,16,23,2003,83.0,37.0,14.0,Павла Тичини,32.0
100000.0,3.0,1000.0,8,17,2003,100.0,64.0,14.0,Олевська,22.0
120000.0,3.0,1237.0,2,21,2016,97.0,52.0,20.0,Освіти,25.0
41000.0,1.0,1464.0,9,9,1969,28.0,17.0,5.0,Іллєнка,6.0
135000.0,1.0,1552.0,15,22,2012,87.0,15.0,40.0,Дніпровська,32.0
155000.0,3.0,1742.0,4,4,1917,89.0,37.0,13.0,Івана Мазепи,39.0
90000.0,3.0,1286.0,5,16,1974,70.0,46.0,7.0,Українки,17.0
132000.0,2.0,1347.0,1,6,2016,98.0,32.0,18.0,Данченка,48.0
230000.0,2.0,4600.0,8,18,2009,50.0,37.0,14.0,Драгомирова,18.0
185000.0,3.0,2011.0,18,25,2017,92.0,37.0,14.0,Тбіліський,41.0
70500.0,2.0,1203.0,20,26,2020,69.0,28.0,14.0,Каховська,27.0
87000.0,3.0,915.0,9,19,2019,69.0,52.0,14.0,Ушинського,3.0
185000.0,3.0,1637.0,8,24,2007,113.0,37.0,14.0,Урлівська,62.0
49860.0,2.0,997.0,2,9,1974,50.0,30.0,6.0,Світлицького,14.0
100000.0,2.0,1408.0,15,23,2007,71.0,30.0,12.0,Дніпровська,29.0
90000.0,1.0,1800.0,3,25,2009,50.0,25.0,14.0,Липківського,11.0
152000.0,2.0,1949.0,14,30,2020,78.0,37.0,12.0,Микільсько-Слобідська,29.0
159900.0,3.0,1259.0,15,25,2007,127.0,77.0,14.0,Лобановського,36.0
280000.0,3.0,2137.0,8,9,2005,131.0,75.0,25.0,Героїв Сталінграда,31.0
85000.0,1.0,1545.0,6,25,2007,55.0,24.0,13.0,Дніпровська,18.0
67000.0,2.0,1098.0,13,15,1994,61.0,31.0,9.0,Драгоманова,21.0
59000.0,1.0,1224.0,16,25,2010,69.0,37.0,14.0,Ахматової,18.0
420000.0,2.0,4667.0,5,18,2017,90.0,37.0,14.0,Саперне Поле,39.0
65000.0,2.0,1048.0,15,17,2018,62.0,34.0,12.0,Данченка,16.0
63000.0,3.0,1125.0,5,5,1965,56.0,42.0,6.0,Голосіївський,8.0
95000.0,1.0,2568.0,5,11,1967,37.0,22.0,7.0,Глибочицька,8.0
100000.0,2.0,1562.0,8,20,2009,64.0,31.0,18.0,Глибочицька,15.0
165000.0,4.0,1213.0,11,12,2019,136.0,100.0,30.0,Багговутівська,6.0
150000.0,3.0,2239.0,3,5,1917,67.0,42.0,14.0,Саксаганського,11.0
64000.0,2.0,914.0,7,25,2009,70.0,36.0,10.0,Моторний,24.0
295000.0,2.0,4275.0,5,15,2019,69.0,49.0,20.0,Саперне Поле,0.0
55000.0,1.0,965.0,10,25,2018,57.0,20.0,16.0,Вернадського,21.0
79900.0,3.0,1051.0,7,10,1997,76.0,40.0,12.0,Курбаса,24.0
100000.0,1.0,2273.0,3,11,2019,44.0,37.0,10.0,Багговутівська,18.0
122000.0,2.0,1679.0,4,9,2009,69.0,37.0,14.0,Набережно-Рибальська,18.0
145000.0,2.0,1933.0,4,4,1899,75.0,42.0,10.0,Саксаганського,23.0
133000.0,3.0,1385.0,20,25,2015,96.0,50.0,16.0,Малиновського,30.0
143000.0,3.0,1486.0,4,9,2011,69.0,40.0,30.0,Протасів Яр,18.0
62000.0,2.0,1378.0,2,5,1968,45.0,30.0,7.0,Німанська,8.0
95000.0,3.0,1397.0,3,9,2009,68.0,40.0,8.0,Підвисоцького,20.0
38000.0,1.0,1152.0,4,9,1970,33.0,17.0,8.0,Зодчих,8.0
52500.0,2.0,1050.0,9,9,1973,50.0,30.0,14.0,Рокосовського,6.0
229000.0,2.0,3181.0,5,6,1935,72.0,42.0,10.0,Шовковична,20.0
62000.0,1.0,1550.0,7,26,2017,40.0,17.0,11.0,Крушельницької,12.0
70000.0,2.0,1006.0,23,25,2009,69.0,37.0,14.0,Новопольова,18.0
45000.0,1.0,1125.0,11,26,2009,40.0,17.0,10.0,Визволителів,13.0
70000.0,3.0,875.0,5,6,2009,80.0,54.0,8.0,Сонячна,18.0
158000.0,2.0,2135.0,24,25,2014,74.0,38.0,15.0,Сікорського,21.0
58900.0,2.0,950.0,14,25,2009,62.0,37.0,12.0,Радченка,13.0
104700.0,1.0,2380.0,14,19,2020,44.0,18.0,11.0,Бульварно-Кудрявська,15.0
37000.0,1.0,925.0,11,25,2009,40.0,37.0,10.0,Кайсарова,18.0
46000.0,3.0,767.0,1,5,1965,60.0,40.0,8.0,Перова,12.0
150000.0,3.0,1500.0,4,25,2016,100.0,53.0,15.0,Глушкова,32.0
120000.0,2.0,1379.0,20,25,2013,87.0,40.0,20.0,Саперно-Слобідська,27.0
38000.0,1.0,1118.0,4,9,1979,34.0,18.0,7.0,Миколи Кибальчича,9.0
45000.0,3.0,750.0,9,9,1980,60.0,40.0,7.0,Миколи Ушакова,13.0
250000.0,3.0,1538.0,10,22,2001,69.0,50.0,20.0,Антоновича,18.0
185000.0,3.0,1745.0,18,25,2014,106.0,37.0,14.0,Богданівська,55.0
68000.0,2.0,1030.0,10,26,2020,66.0,27.0,24.0,Сверстюка,15.0
57000.0,1.0,1295.0,9,25,2019,44.0,37.0,16.0,Сверстюка,18.0
52500.0,2.0,721.0,7,25,2021,69.0,30.0,18.0,Ревуцького,21.0
250000.0,4.0,1923.0,7,22,2010,130.0,50.0,50.0,Ованеса Туманяна,30.0
540000.0,4.0,4000.0,4,14,2019,135.0,37.0,14.0,Саперне Поле,84.0
120000.0,3.0,945.0,12,16,1997,127.0,37.0,14.0,Григоренка,76.0
55999.0,1.0,1400.0,13,14,2020,40.0,22.0,6.0,Гречка,12.0
68800.0,3.0,1110.0,2,12,1977,62.0,40.0,8.0,Богатирська,14.0
120000.0,2.0,2400.0,19,22,2009,50.0,37.0,14.0,Білоруська,18.0
94000.0,1.0,2043.0,1,9,2009,46.0,37.0,14.0,Регенераторна,18.0
65500.0,1.0,1770.0,20,27,2019,37.0,14.0,9.0,Вишняківська,14.0
50000.0,2.0,1087.0,16,16,1982,46.0,26.0,8.0,Гонгадзе,12.0
52500.0,1.0,1117.0,15,25,2019,47.0,15.0,18.0,Правди,14.0
64980.0,4.0,812.0,4,9,1969,80.0,56.0,7.0,Кольцова,17.0
115000.0,2.0,1643.0,13,17,2014,70.0,32.0,12.0,Воскресенська,26.0
200000.0,2.0,2564.0,14,20,2005,78.0,38.0,19.0,Руставелі,21.0
484000.0,2.0,3569.0,2,24,2010,69.0,37.0,14.0,Голосіївський,18.0
79000.0,1.0,1775.0,5,18,2015,69.0,37.0,15.0,Комбінатна,17.0
45000.0,2.0,1000.0,5,5,1960,45.0,31.0,6.0,Салютна,8.0
91999.0,3.0,1000.0,1,5,1958,92.0,48.0,27.0,Ромоданова,17.0
128000.0,1.0,2510.0,2,9,2015,51.0,15.0,25.0,Саперне Поле,11.0
38700.0,1.0,900.0,18,25,2009,43.0,15.0,16.0,Сім’ї Кульженків,12.0
95000.0,2.0,1557.0,3,5,1960,61.0,37.0,14.0,Лабораторна,10.0
77000.0,1.0,1426.0,16,24,2015,54.0,22.0,11.0,Драгоманова,21.0
52990.0,1.0,1162.0,7,22,2009,69.0,19.0,20.0,Кудрявська,30.0
330000.0,3.0,2357.0,2,9,2000,140.0,37.0,14.0,Кудрявська,89.0
83000.0,2.0,1107.0,10,26,2019,75.0,30.0,27.0,Краківська,18.0
105000.0,2.0,1721.0,12,12,2008,61.0,27.0,26.0,Кольцова,8.0
225000.0,2.0,4500.0,8,23,2019,50.0,37.0,14.0,Антоновича,18.0
62000.0,2.0,954.0,3,19,2001,65.0,37.0,14.0,Лариси Руденко,14.0
90000.0,4.0,811.0,1,14,2008,111.0,72.0,12.0,Івана Пулюя,27.0
215000.0,3.0,2389.0,2,5,1959,90.0,40.0,10.0,Українки,40.0
137000.0,3.0,1575.0,1,9,1970,87.0,59.0,13.0,Тютюнника,15.0
36000.0,1.0,1000.0,9,9,1980,36.0,19.0,7.0,Юрія Смолича,10.0
195000.0,4.0,1931.0,6,24,2014,101.0,70.0,15.0,Оболонський,16.0
60000.0,3.0,882.0,7,16,1975,68.0,44.0,8.0,Курбаса,16.0
87000.0,2.0,1338.0,16,17,2002,65.0,37.0,13.0,Верховинця,15.0
210000.0,2.0,2442.0,9,23,2012,86.0,42.0,21.0,Дніпровська,23.0
135000.0,2.0,1776.0,11,25,2011,76.0,45.0,12.0,Коломийський,19.0
84000.0,3.0,944.0,8,26,2009,89.0,43.0,18.0,Правди,28.0
160000.0,3.0,2000.0,21,25,2018,80.0,37.0,14.0,Каховська,29.0
292000.0,3.0,2454.0,10,11,2009,119.0,37.0,17.0,Бойчука,65.0
53000.0,1.0,1104.0,8,25,2009,48.0,14.0,19.0,Правди,15.0
115000.0,1.0,2738.0,6,24,2019,42.0,37.0,14.0,Маккейна,18.0
90900.0,1.0,1748.0,14,36,2009,52.0,37.0,14.0,Перемоги,1.0
2100000.0,3.0,7292.0,7,11,2007,288.0,150.0,35.0,Грушевського,103.0
980000.0,6.0,2761.0,7,7,2010,355.0,320.0,33.0,Срібнокільська,2.0
91260.0,1.0,1738.0,29,36,2009,69.0,17.0,14.0,Перемоги,38.0
118000.0,2.0,1573.0,16,22,2010,75.0,32.0,12.0,Урлівська,31.0
84100.0,2.0,1294.0,22,32,2009,65.0,34.0,14.0,Заболотного,17.0
79700.0,1.0,2952.0,23,23,2012,27.0,15.0,5.0,Максимовича,7.0
220000.0,4.0,1746.0,16,23,2004,126.0,80.0,14.0,Бажана,32.0
155000.0,2.0,2214.0,9,10,2014,70.0,37.0,14.0,Сікорського,19.0
40000.0,1.0,1176.0,10,16,1973,34.0,37.0,8.0,Курбаса,18.0
68500.0,1.0,1593.0,11,27,2009,43.0,14.0,16.0,Дніпровська,13.0
720000.0,4.0,4500.0,8,18,2009,160.0,37.0,14.0,Драгомирова,109.0
64000.0,2.0,1231.0,3,12,1983,52.0,30.0,9.0,Антонова,13.0
44000.0,2.0,1023.0,5,5,1960,43.0,27.0,6.0,Антонова,10.0
63000.0,3.0,1086.0,7,9,2009,58.0,40.0,7.0,Бучми,11.0
64500.0,3.0,935.0,7,9,1970,69.0,45.0,10.0,Кубанської України,14.0
249999.0,3.0,2500.0,17,25,2017,100.0,37.0,14.0,Панельна,49.0
270000.0,4.0,1525.0,17,25,2005,177.0,112.0,18.0,Коновальця,47.0
52000.0,1.0,1238.0,4,4,2009,42.0,17.0,14.0,Богатирська,11.0
50000.0,1.0,1562.0,9,9,1977,32.0,17.0,7.0,Оболонський,8.0
465000.0,4.0,3019.0,18,25,2005,154.0,37.0,14.0,Українки,103.0
125000.0,3.0,1623.0,3,24,2015,77.0,42.0,14.0,Бориса Гмирі,21.0
84000.0,2.0,1000.0,19,25,2009,84.0,37.0,23.0,Правди,24.0
69000.0,1.0,1643.0,8,10,2018,42.0,12.0,20.0,Центральна,10.0
70000.0,2.0,1446.0,6,9,1968,69.0,30.0,8.0,Преображенська,31.0
260000.0,4.0,1781.0,24,24,2018,146.0,37.0,14.0,Коновальця,95.0
124860.0,2.0,2230.0,5,5,1959,56.0,30.0,9.0,Українки,17.0
135000.0,4.0,1688.0,5,5,1959,80.0,55.0,15.0,Велика Васильківська,10.0
170000.0,3.0,2068.0,4,5,1910,69.0,37.0,14.0,Велика Васильківська,18.0
84000.0,1.0,1680.0,12,26,2018,50.0,16.0,16.0,Липківського,18.0
612500.0,5.0,2300.0,10,11,2009,69.0,37.0,38.0,Бойчука,18.0
46500.0,2.0,1257.0,5,5,1962,37.0,22.0,7.0,Васильківська,8.0
129000.0,3.0,1162.0,21,25,2007,111.0,58.0,14.0,Данькевича,39.0
89332.9,3.0,1146.5,1,4,2009,69.0,37.0,14.0,Богатирська,18.0
99000.0,3.0,1375.0,9,10,1977,72.0,37.0,14.0,Українки,21.0
117000.0,3.0,1603.0,9,16,2009,73.0,29.0,11.0,Гречка,33.0
1035900.0,5.0,4504.0,4,8,2016,230.0,75.0,78.0,Редутна,77.0
132000.0,3.0,1650.0,22,24,2015,80.0,37.0,14.0,Бориса Гмирі,29.0
340000.0,3.0,2833.0,2,18,2010,120.0,37.0,20.0,Драгомирова,63.0
31000.0,1.0,1192.0,2,5,1965,26.0,37.0,6.0,Туполєва,18.0
55000.0,3.0,859.0,1,9,1971,64.0,41.0,14.0,Кондратюка,9.0
43000.0,2.0,915.0,1,9,1971,47.0,30.0,7.0,Мінський,10.0
235000.0,4.0,1728.0,8,24,2007,136.0,81.0,17.0,Княжий Затон,38.0
105900.0,1.0,1925.0,22,26,2016,55.0,37.0,14.0,Герцена,4.0
49700.0,1.0,1012.0,19,25,2020,69.0,18.0,18.0,Балтійський,33.0
110000.0,3.0,1000.0,10,17,2010,110.0,61.0,16.0,Ернста,33.0
275000.0,2.0,3929.0,6,25,2010,70.0,37.0,25.0,Шаповала,8.0
220000.0,2.0,3607.0,2,5,2009,61.0,30.0,10.0,Городецького,21.0
30000.0,1.0,602.0,22,25,2009,69.0,37.0,14.0,Сім'ї Сосніних,18.0
140000.0,1.0,2729.0,10,12,2009,69.0,37.0,14.0,Івана Мазепи,18.0
132500.0,2.0,1636.0,15,22,2012,81.0,37.0,16.0,Червоноткацька,28.0
50000.0,1.0,1667.0,5,5,1962,30.0,16.0,5.0,Голосіївська,9.0
225000.0,3.0,2022.0,11,25,2008,69.0,37.0,14.0,Голосіївська,18.0
165000.0,2.0,2324.0,2,4,1895,71.0,47.0,8.0,Миколи Гулака,16.0
65000.0,2.0,970.0,24,25,2019,67.0,34.0,11.0,Миколи Гулака,22.0
230000.0,2.0,4107.0,3,25,2019,56.0,37.0,14.0,Івана Федорова,5.0
205000.0,1.0,3796.0,13,14,2017,54.0,18.0,25.0,Саперне Поле,11.0
33071.4,1.0,718.9,24,25,2009,46.0,25.0,12.0,Миколи Хвильового,9.0
777500.0,3.0,4494.0,3,13,2003,173.0,111.0,19.0,Паторжинського,43.0
128500.0,3.0,988.0,23,24,2014,130.0,90.0,15.0,Наумовича,25.0
80000.0,2.0,1404.0,25,25,2010,57.0,24.0,19.0,Калнишевського,14.0
100500.0,2.0,1378.0,16,26,2009,69.0,37.0,14.0,Дніпровська,18.0
149000.0,1.0,3170.0,3,9,2009,47.0,37.0,14.0,Електриків,18.0
95000.0,1.0,2317.0,14,25,2018,41.0,37.0,14.0,Солом'янська,18.0
159000.0,2.0,2446.0,4,4,1898,65.0,15.0,30.0,Шевченка,20.0
68000.0,2.0,1259.0,14,16,1982,54.0,37.0,14.0,Озерна,3.0
89400.0,3.0,1090.0,9,15,1998,82.0,42.0,14.0,Григоренка,26.0
330000.0,3.0,2674.0,4,24,2016,69.0,56.0,14.0,Антонова,18.0
229000.0,3.0,1684.0,2,24,2013,136.0,72.0,20.0,Голосіївський,44.0
67000.0,1.0,1426.0,16,16,2016,47.0,37.0,14.0,Комарова,18.0
66500.0,2.0,1279.0,9,10,1989,52.0,29.0,8.0,Борщагівська,15.0
480000.0,4.0,3200.0,20,23,2009,150.0,84.0,16.0,Шевченка,50.0
74000.0,1.0,1762.0,3,16,2009,42.0,37.0,14.0,Максимовича,18.0
175000.0,3.0,1842.0,10,25,2011,95.0,52.0,11.0,Ковальський,32.0
159000.0,2.0,2092.0,20,24,2016,76.0,37.0,14.0,Малевича,25.0
3200000.0,5.0,9143.0,5,5,2009,350.0,37.0,14.0,Мічуріна,299.0
380000.0,3.0,1990.0,15,47,2012,191.0,37.0,14.0,Балтійський,140.0
63000.0,2.0,808.0,22,25,2009,78.0,36.0,12.0,Балтійський,30.0
85000.0,3.0,1104.0,6,20,1998,77.0,45.0,9.0,Азербайджанська,23.0
130032.0,2.0,1548.0,15,25,2016,84.0,50.0,17.0,Зарічна,17.0
95700.0,3.0,1113.0,25,25,2016,86.0,43.0,12.0,Чавдар,31.0
50000.0,1.0,1316.0,18,24,2019,38.0,17.0,10.0,Правди,11.0
114900.0,3.0,1197.0,12,22,2006,96.0,47.0,14.0,Урлівська,35.0
41500.0,1.0,1092.0,4,25,2009,38.0,17.0,10.0,Бориспільська,11.0
125000.0,3.0,1302.0,12,25,2016,96.0,46.0,14.0,Поправки,36.0
48000.0,2.0,923.0,7,16,2009,52.0,37.0,14.0,Бориспільська,1.0
59899.0,2.0,1393.0,9,9,1967,43.0,28.0,7.0,Ентузіастів,8.0
83000.0,1.0,1566.0,10,10,2017,53.0,37.0,14.0,Малоземельна,2.0
335000.0,1.0,4926.0,22,32,2016,68.0,16.0,35.0,Саксаганського,17.0
98500.0,3.0,1449.0,5,9,1980,68.0,43.0,10.0,Героїв Сталінграда,15.0
58000.0,3.0,841.0,9,9,1971,69.0,37.0,14.0,Зодчих,18.0
52000.0,1.0,1576.0,10,24,2010,33.0,15.0,7.0,Калнишевського,11.0
195000.0,2.0,1550.0,8,18,2009,69.0,37.0,14.0,Філатова,18.0
345000.0,4.0,2054.0,10,18,2005,168.0,89.0,13.0,Старонаводницька,66.0
89900.0,2.0,1138.0,2,34,2009,79.0,32.0,20.0,Заболотного,27.0
58000.0,1.0,1286.0,24,25,2009,69.0,37.0,14.0,Правди,18.0
66500.0,3.0,1023.0,5,9,1978,65.0,42.0,8.0,Антоновича,15.0
290000.0,1.0,6444.0,22,24,2019,45.0,12.0,18.0,Антоновича,15.0
380000.0,4.0,1767.0,3,25,2011,215.0,110.0,40.0,Шаповала,65.0
135000.0,2.0,1800.0,5,10,2001,75.0,27.0,34.0,Деревлянська,14.0
165000.0,3.0,1602.0,9,17,2011,103.0,60.0,25.0,Вільямса,18.0
107000.0,3.0,1189.0,12,14,2010,90.0,52.0,11.0,Васильченка,27.0
139990.0,1.0,3182.0,24,24,2017,44.0,20.0,15.0,Предславинська,9.0
31000.0,1.0,886.0,14,25,2009,35.0,37.0,14.0,Крайня,18.0
58000.0,2.0,866.0,15,25,2009,67.0,32.0,12.0,Милославська,23.0
145000.0,3.0,1593.0,3,25,2018,91.0,68.0,17.0,Воскресенська,6.0
67900.0,2.0,1235.0,22,26,2009,55.0,25.0,15.0,Маланюка,15.0
230000.0,3.0,2035.0,12,24,2007,113.0,53.0,15.0,Дніпровська,45.0
240000.0,3.0,2449.0,4,5,1895,98.0,57.0,11.0,Пушкінська,30.0
65280.0,1.0,1200.0,8,18,2009,69.0,37.0,14.0,Набережно-Корчуватська,18.0
150000.0,2.0,2459.0,23,25,2015,61.0,33.0,9.0,Зарічна,19.0
499990.0,3.0,3125.0,5,11,2005,160.0,37.0,14.0,Тургенєвська,109.0
66624.0,3.0,833.1,13,26,2009,69.0,37.0,14.0,Радченка,18.0
140000.0,3.0,1265.0,6,9,2009,69.0,37.0,38.0,Зарічна,18.0
68900.0,1.0,1531.0,8,9,2016,45.0,25.0,11.0,Метрологічна,9.0
49500.0,2.0,1053.0,5,9,1969,47.0,28.0,7.0,Кольцова,12.0
138000.0,2.0,2300.0,13,14,2017,60.0,30.0,10.0,Максимовича,20.0
55500.0,2.0,911.0,8,18,1971,69.0,28.0,14.0,Науки,27.0
206000.0,3.0,1943.0,18,20,2008,106.0,58.0,14.0,Саперно-Слобідська,34.0
110000.0,1.0,3333.0,3,10,1977,33.0,20.0,14.0,Шовковична,18.0
250000.0,3.0,2809.0,3,23,2019,89.0,37.0,14.0,Трускавецька,38.0
59157.0,2.0,873.0,11,17,2009,69.0,37.0,14.0,Гавела,18.0
53000.0,1.0,1152.0,7,25,2009,46.0,37.0,14.0,Повітрофлотський,18.0
58000.0,3.0,1000.0,9,9,1967,58.0,37.0,8.0,Запорожця,13.0
177000.0,2.0,2185.0,5,13,2019,81.0,55.0,15.0,Маккейна,11.0
86000.0,1.0,1654.0,8,36,2009,52.0,19.0,14.0,Перемоги,19.0
70000.0,3.0,745.0,4,20,2014,94.0,45.0,14.0,Щербаківського,35.0
73000.0,1.0,1521.0,20,26,2018,48.0,10.0,23.0,Зарічна,15.0
45000.0,1.0,1125.0,9,10,1994,40.0,18.0,9.0,Будищанська,13.0
115000.0,1.0,2300.0,10,24,2019,50.0,17.0,21.0,Жилянська,12.0
88000.0,2.0,989.0,4,25,2014,89.0,60.0,15.0,Ревуцького,14.0
29900.0,1.0,906.0,4,4,1960,33.0,19.0,6.0,Бородіна,8.0
189000.0,4.0,1550.0,8,18,2009,69.0,37.0,14.0,Руставелі,18.0
95000.0,2.0,1730.0,10,16,1993,69.0,29.0,14.0,Драгоманова,26.0
128000.0,2.0,1829.0,21,24,2014,70.0,30.0,19.0,Преображенська,21.0
68000.0,3.0,1172.0,1,3,2009,58.0,35.0,6.0,Депутатська,17.0
85000.0,2.0,1312.0,17,25,2009,69.0,38.0,14.0,Багговутівська,17.0
160000.0,3.0,2078.0,3,5,2009,77.0,37.0,14.0,Сікорського,26.0
135000.0,2.0,2596.0,24,25,2014,52.0,40.0,20.0,Сікорського,18.0
800000.0,5.0,4000.0,8,18,2009,200.0,37.0,14.0,Драгомирова,149.0
250000.0,3.0,2336.0,10,24,2016,107.0,66.0,13.0,Коперніка,28.0
127000.0,2.0,1814.0,7,17,2002,70.0,36.0,15.0,Васильківська,19.0
98000.0,1.0,1661.0,16,24,2009,59.0,18.0,14.0,Глибочицька,27.0
125000.0,3.0,1389.0,18,25,2016,90.0,37.0,18.0,Чавдар,35.0
115000.0,2.0,1420.0,23,25,2007,81.0,41.0,16.0,Дніпровська,24.0
90000.0,2.0,1550.0,8,18,2009,69.0,37.0,14.0,Антоновича,18.0
56000.0,2.0,1098.0,2,10,1987,51.0,30.0,8.0,Славгородська,13.0
53000.0,2.0,1000.0,9,14,1990,53.0,29.0,8.0,Славгородська,16.0
250000.0,3.0,3125.0,8,18,2009,80.0,37.0,14.0,Драгомирова,29.0
205000.0,3.0,1627.0,23,25,2010,126.0,74.0,14.0,Срібнокільська,38.0
59950.0,3.0,517.0,10,16,2016,116.0,37.0,17.0,Харченка,62.0
250000.0,1.0,3571.0,4,14,2012,70.0,22.0,27.0,Окіпної,21.0
38500.0,1.0,1196.0,4,5,1960,69.0,37.0,14.0,Олени Теліги,18.0
99999.0,2.0,1667.0,15,26,2013,60.0,39.0,16.0,Кондратюка,5.0
120000.0,3.0,1739.0,1,9,1977,69.0,37.0,14.0,Мечнікова,18.0
150000.0,3.0,1829.0,5,12,1997,82.0,42.0,9.0,Героїв Сталінграда,31.0
285000.0,4.0,1900.0,8,9,2009,150.0,37.0,22.0,Рибальська,91.0
72500.0,2.0,1394.0,4,4,2019,52.0,30.0,14.0,Березова,8.0
750000.0,3.0,5000.0,10,14,2017,150.0,95.0,18.0,Саперне Поле,37.0
493000.0,4.0,4287.0,12,24,2019,115.0,80.0,20.0,Антоновича,15.0
290000.0,3.0,3333.0,22,25,2019,87.0,55.0,15.0,Маккейна,17.0
247000.0,3.0,2100.0,13,17,2019,69.0,63.0,15.0,Лейпцизька,18.0
90000.0,2.0,1139.0,13,23,2015,79.0,34.0,18.0,Драгоманова,27.0
80000.0,3.0,1250.0,9,9,1972,64.0,37.0,14.0,Коновальця,13.0
103900.0,3.0,1071.0,21,25,2009,97.0,51.0,16.0,Василя Стуса,30.0
265000.0,3.0,2944.0,13,17,2006,90.0,38.0,42.0,Тютюнника,10.0
105000.0,3.0,1641.0,1,5,1957,64.0,40.0,8.0,Січових Стрільців,16.0
78000.0,2.0,1696.0,5,11,2018,46.0,20.0,20.0,Райдужна,6.0
44900.0,1.0,1182.0,7,10,1988,38.0,17.0,8.0,Закревського,13.0
494000.0,6.0,1502.0,8,10,1996,329.0,193.0,47.0,Тургенєвська,89.0
55000.0,2.0,1078.0,9,10,1982,51.0,31.0,8.0,Зої Космодем'янської,12.0
59280.0,2.0,874.0,5,26,2009,69.0,37.0,14.0,Радченка,18.0
56000.0,1.0,1273.0,11,25,2009,44.0,37.0,14.0,Сверстюка,18.0
47500.0,1.0,1105.0,10,18,2006,43.0,20.0,10.0,Милославська,13.0
100000.0,2.0,1099.0,8,9,1970,91.0,37.0,14.0,Метрологічна,40.0
103000.0,1.0,2341.0,8,18,2009,44.0,37.0,14.0,Деміївська,18.0
95000.0,3.0,1118.0,2,15,2019,85.0,47.0,13.0,Перемоги,25.0
76800.0,3.0,985.0,2,5,1958,78.0,78.0,9.0,Вишгородська,18.0
257500.0,2.0,4769.0,8,25,2015,54.0,37.0,14.0,Маккейна,3.0
52500.0,1.0,1094.0,9,22,2009,48.0,37.0,21.0,Перемоги,18.0
302200.0,4.0,2001.0,5,22,2013,151.0,37.0,14.0,Перемоги,100.0
63500.0,2.0,814.0,22,25,2009,78.0,36.0,12.0,Балтійський,30.0
550000.0,4.0,3416.0,8,26,2009,161.0,67.0,40.0,Звіринецька,54.0
98700.0,2.0,1484.0,15,25,2019,69.0,37.0,19.0,Ревуцького,13.0
35000.0,1.0,946.0,8,9,1992,37.0,19.0,7.0,Милославська,11.0
56000.0,2.0,851.0,14,24,2009,69.0,37.0,14.0,Вербицького,18.0
36000.0,1.0,1333.0,4,5,1960,27.0,37.0,14.0,Новгородська,18.0
87000.0,1.0,1839.0,2,25,2015,69.0,25.0,10.0,Бажана,34.0
220000.0,5.0,1222.0,5,6,2009,180.0,72.0,12.0,Канівська,96.0
109000.0,3.0,1253.0,7,16,2009,87.0,37.0,14.0,Максимовича,36.0
125000.0,2.0,1689.0,23,25,2016,74.0,37.0,14.0,Донця,23.0
600000.0,3.0,4800.0,2,14,2009,125.0,37.0,14.0,Драгомирова,74.0
60000.0,1.0,1277.0,5,16,2009,47.0,22.0,14.0,Тираспольська,11.0
15700000.0,3.0,157000.0,2,4,1917,100.0,76.0,12.0,Саксаганського,12.0
45000.0,1.0,1214.9,5,16,1990,69.0,37.0,14.0,Тираспольська,18.0
160000.0,3.0,1356.0,11,25,2015,118.0,85.0,33.0,Зарічна,0.0
65000.0,2.0,1413.0,11,16,1981,46.0,27.0,9.0,Гонгадзе,10.0
495000.0,3.0,4420.0,13,39,2017,112.0,37.0,14.0,Українки,61.0
59000.0,2.0,1283.0,3,5,1965,46.0,37.0,14.0,Світлицького,18.0
68000.0,2.0,1447.0,5,10,1970,47.0,35.0,7.0,Воробйова,5.0
81000.0,3.0,1012.0,17,25,2018,80.0,60.0,14.0,Каховська,6.0
67000.0,1.0,1675.0,9,23,2009,40.0,37.0,12.0,Глибочицька,18.0
170000.0,3.0,1339.0,3,3,1954,127.0,86.0,30.0,Білокур,11.0
54500.0,1.0,996.0,23,25,2009,69.0,37.0,12.0,Балтійський,20.0
232000.0,3.0,1706.0,11,13,2014,136.0,70.0,14.0,Антоновича,52.0
75000.0,2.0,789.0,18,25,2009,69.0,37.0,14.0,Кондратюка,18.0
99000.0,1.0,2152.0,3,4,1898,46.0,25.0,10.0,Гончара,11.0
55000.0,1.0,1310.0,6,25,2019,42.0,13.0,9.0,Ревуцького,20.0
475000.0,3.0,5000.0,3,13,2017,95.0,66.0,13.0,Драгоманова,16.0
70000.0,1.0,1659.0,1,19,2006,69.0,18.0,10.0,Драгоманова,41.0
79900.0,2.0,1211.0,24,25,2013,66.0,36.0,13.0,Сім’ї Кульженків,17.0
215767.9,3.0,2157.7,8,16,2000,100.0,57.0,12.0,Панельна,31.0
155000.0,3.0,1550.0,13,16,2012,100.0,55.0,16.0,Вільямса,29.0
100000.0,1.0,1667.0,13,25,2008,60.0,21.0,17.0,Голосіївська,22.0
1010000.0,4.0,5674.0,23,26,2017,178.0,92.0,22.0,Оболонський,64.0
45000.0,1.0,1500.0,1,9,1975,30.0,16.0,5.0,Миколи Голего,9.0
80000.0,1.0,1333.0,4,24,2012,60.0,37.0,14.0,Дніпровська,9.0
115000.0,2.0,1575.0,21,25,2015,73.0,37.0,15.0,Малиновського,21.0
620000.0,5.0,3605.0,14,17,2001,172.0,93.0,13.0,Назарівська,66.0
250500.0,6.0,1668.0,13,14,1978,69.0,81.0,13.0,Гоголівська,18.0
39000.0,1.0,1345.0,1,5,1963,29.0,16.0,5.0,Дорогожицька,8.0
360000.0,5.0,2400.0,5,6,1936,150.0,120.0,15.0,Грушевського,15.0
250000.0,2.0,2976.0,15,23,2008,84.0,60.0,15.0,Іллєнка,9.0
95000.0,1.0,1863.0,22,25,2018,51.0,14.0,20.0,Липківського,17.0
63900.0,1.0,761.0,13,14,2013,84.0,44.0,18.0,Ушинського,22.0
81000.0,2.0,1528.0,13,25,2020,53.0,37.0,14.0,Польова,2.0
219000.0,1.0,3776.0,2,9,2019,58.0,20.0,20.0,Саперне Поле,18.0
162000.0,3.0,1604.0,19,26,2017,101.0,55.0,25.0,Панельна,21.0
260000.0,3.0,2321.0,14,18,2013,112.0,60.0,17.0,Хмельницького,35.0
163000.0,1.0,3622.0,2,22,2015,45.0,22.0,12.0,Маккейна,11.0
499000.0,2.0,4990.0,22,25,2019,100.0,37.0,14.0,Антоновича,49.0
310000.0,3.0,1925.0,3,18,2009,161.0,120.0,35.0,Толстого,6.0
99800.0,3.0,1535.0,6,8,1962,65.0,37.0,14.0,Дружби Народів,14.0
130000.0,1.0,3023.0,9,26,2009,43.0,37.0,14.0,Оболонський,18.0
70000.0,2.0,1273.0,4,5,1938,55.0,39.0,8.0,Багговутівська,8.0
44500.0,2.0,1025.0,1,5,1961,69.0,29.0,6.0,Антонова,34.0
199000.0,2.0,2488.0,2,5,1937,80.0,40.0,14.0,Володимирська,26.0
120000.0,2.0,2500.0,9,9,1972,48.0,37.0,14.0,Українки,18.0
68750.0,2.0,892.9,7,16,2009,77.0,34.0,12.0,Сім’ї Кульженків,31.0
162000.0,3.0,1800.0,11,26,2005,90.0,48.0,23.0,Коновальця,19.0
209000.0,2.0,2580.0,2,10,2003,81.0,40.0,15.0,Мирного,26.0
275000.0,2.0,2926.0,15,16,2006,94.0,37.0,48.0,Московська,9.0
38000.0,1.0,1056.0,8,9,1984,36.0,18.0,8.0,Жмеринська,10.0
114000.0,3.0,1583.0,6,7,1959,72.0,51.0,9.0,Бойчука,12.0
161000.0,2.0,1809.0,17,25,2018,89.0,37.0,14.0,Липківського,38.0
330000.0,3.0,3000.0,18,24,2018,110.0,60.0,40.0,Лабораторний,10.0
1500000.0,5.0,5000.0,8,18,2009,300.0,37.0,14.0,Інститутська,249.0
295000.0,3.0,2757.0,6,6,1914,107.0,74.0,11.0,Хрещатик,22.0
62000.0,1.0,1512.0,2,25,2009,41.0,14.0,14.0,Дніпровська,13.0
255000.0,4.0,2024.0,16,25,2016,126.0,70.0,15.0,Саперне Поле,41.0
68000.0,3.0,907.0,5,15,1993,75.0,43.0,8.0,Комарова,24.0
164000.0,2.0,2702.0,30,30,2009,69.0,37.0,12.0,Драгомирова,20.0
139000.0,3.0,1252.0,23,36,2007,111.0,60.0,18.0,Срібнокільська,33.0
115000.0,2.0,1337.0,11,25,2008,86.0,37.0,14.0,Чоколівський,35.0
104000.0,1.0,1857.0,10,24,2009,56.0,16.0,16.0,Звіринецька,24.0
85000.0,1.0,1518.0,7,14,2009,56.0,20.0,14.0,Вишгородська,22.0
190000.0,2.0,3585.0,3,20,2019,53.0,18.0,20.0,Драгомирова,15.0
65000.0,2.0,1161.0,3,4,1952,56.0,34.0,9.0,Будівельників,13.0
105000.0,3.0,1117.0,6,22,2010,94.0,47.0,15.0,Урлівська,32.0
57000.0,2.0,919.0,15,21,2009,62.0,26.0,26.0,Сормовська,10.0
65000.0,1.0,1182.0,5,18,2009,55.0,37.0,21.0,Правди,18.0
98000.0,2.0,1388.0,8,25,2006,69.0,37.0,14.0,Верховинна,18.0
55000.0,2.0,1058.0,2,9,1986,52.0,29.0,8.0,Вербицького,15.0
55000.0,1.0,1618.0,5,33,2009,34.0,37.0,9.0,Велика Васильківська,18.0
115000.0,2.0,2170.0,7,7,1961,53.0,35.0,14.0,Велика Васильківська,4.0
158364.0,2.0,1760.0,4,11,2009,90.0,45.0,20.0,Бойчука,25.0
80000.0,1.0,2000.0,11,25,2011,40.0,19.0,11.0,Лобановського,10.0
41000.0,2.0,909.0,2,3,1959,69.0,37.0,14.0,Миколи Шепелєва,18.0
435000.0,2.0,3625.0,2,10,1998,120.0,85.0,10.0,Кропивницького,25.0
100000.0,1.0,2000.0,3,23,2016,50.0,28.0,20.0,Трускавецька,2.0
88107.1,2.0,1223.7,23,26,2009,72.0,34.0,15.0,Маланюка,23.0
130000.0,1.0,2653.0,4,16,2009,49.0,18.0,16.0,Драгомирова,15.0
125000.0,2.0,1866.0,4,9,2018,67.0,37.0,14.0,Юнацька,16.0
89000.0,2.0,1413.0,12,14,2013,63.0,37.0,11.0,Максимовича,15.0
110000.0,3.0,1122.0,4,25,2010,98.0,59.0,14.0,Комарова,25.0
70000.0,2.0,1167.0,7,12,2019,60.0,26.0,14.0,Багговутівська,20.0
46000.0,1.0,1000.0,8,26,2009,46.0,37.0,14.0,Костанайська,18.0
84000.0,2.0,1400.0,14,24,2009,60.0,37.0,10.0,Костанайська,13.0
160000.0,3.0,1250.0,3,10,2010,128.0,69.0,18.0,Срібнокільська,41.0
42000.0,2.0,913.0,9,9,1970,46.0,37.0,14.0,Курчатова,18.0
61000.0,1.0,1743.0,8,9,1974,35.0,17.0,6.0,Гусовського,12.0
130000.0,3.0,1512.0,5,9,1972,86.0,43.0,9.0,Українки,34.0
120000.0,3.0,1091.0,3,16,2002,110.0,54.0,13.0,Драгоманова,43.0
250000.0,2.0,2874.0,11,23,2012,87.0,56.0,31.0,Дніпровська,0.0
125000.0,3.0,1322.0,19,34,2009,69.0,37.0,14.0,Заболотного,18.0
79235.0,2.0,1152.0,14,34,2009,69.0,37.0,14.0,Заболотного,18.0
113261.0,2.0,1421.0,9,36,1961,69.0,37.0,14.0,Перемоги,18.0
62000.0,1.0,1403.0,24,25,2009,69.0,37.0,14.0,Сверстюка,18.0
131000.0,2.0,2620.0,15,25,2016,50.0,37.0,21.0,Липківського,18.0
300000.0,1.0,4000.0,18,24,2015,75.0,28.0,25.0,Маккейна,22.0
108000.0,3.0,1200.0,3,24,2009,90.0,54.0,10.0,Дніпровська,26.0
47000.0,1.0,1621.0,2,5,1964,29.0,15.0,5.0,Волгоградська,9.0
57000.0,2.0,919.0,2,25,2009,62.0,45.0,14.0,Новопольова,3.0
135482.1,2.0,1782.6,1,25,2015,76.0,37.0,14.0,Драгоманова,25.0
149000.0,4.0,1192.0,3,8,2019,125.0,72.0,17.0,Лебедєва,36.0
85000.0,2.0,1977.0,1,5,1962,43.0,27.0,4.0,Драгомирова,12.0
123900.0,2.0,1721.0,6,30,2009,72.0,46.0,15.0,Драгомирова,11.0
150000.0,1.0,2727.0,3,17,2019,55.0,37.0,14.0,Лейпцизька,4.0
285000.0,3.0,2568.0,4,22,2014,111.0,60.0,35.0,Глибочицька,16.0
115000.0,3.0,1106.0,5,9,2005,104.0,65.0,20.0,Салютна,19.0
45900.0,2.0,1020.0,1,5,1965,45.0,30.0,4.0,Метрологічна,11.0
60000.0,2.0,952.0,18,25,2009,63.0,26.0,17.0,Північно-Сирецька,20.0
115000.0,2.0,1742.0,15,25,2018,66.0,30.0,18.0,Правди,18.0
44000.0,1.0,1023.0,24,26,2018,43.0,28.0,12.0,Вернадського,3.0
85000.0,2.0,1700.0,4,25,2016,50.0,25.0,10.0,Пчілки,15.0
183693.7,2.0,2213.2,8,25,2019,83.0,44.0,15.0,Лейпцизька,24.0
200000.0,3.0,2083.0,2,5,1959,96.0,73.0,7.0,Басейна,16.0
138000.0,2.0,2060.0,13,25,2011,67.0,37.0,14.0,Шаповала,16.0
39500.0,1.0,1013.0,20,25,2009,39.0,37.0,10.0,Бережанська,18.0
123500.0,2.0,1506.0,6,26,2009,82.0,37.0,18.0,Бойчука,27.0
80000.0,2.0,1250.0,11,16,2009,64.0,35.0,16.0,Перемоги,13.0
1976000.0,5.0,3800.0,17,25,2019,520.0,37.0,20.0,Івана Федорова,463.0
320000.0,2.0,3232.0,13,24,2019,99.0,47.0,13.0,Антоновича,39.0
110000.0,2.0,1735.0,1,12,2003,69.0,37.0,14.0,Вільямса,18.0
92000.0,2.0,1686.8,18,26,2009,69.0,37.0,31.0,Бойчука,1.0
101000.0,1.0,1772.0,33,36,2009,57.0,37.0,14.0,Перемоги,6.0
849000.0,2.0,1550.0,8,18,2001,69.0,37.0,14.0,Ковпака,18.0
85000.0,2.0,1545.0,6,16,1973,55.0,22.0,7.0,Русанівський,26.0
330000.0,3.0,2481.0,7,21,2010,133.0,70.0,22.0,Українки,41.0
33900.0,1.0,1169.0,4,5,1969,29.0,16.0,7.0,Празька,6.0
165000.0,4.0,2062.0,4,4,2009,80.0,56.0,11.0,Гончара,13.0
270000.0,2.0,3333.0,11,13,2019,81.0,32.0,20.0,Маккейна,29.0
40000.0,1.0,995.0,14,25,2009,69.0,37.0,12.0,Балтійський,20.0
104000.0,1.0,2122.0,13,26,2015,49.0,25.0,14.0,Білоруська,10.0
75000.0,1.0,1442.0,4,25,2016,52.0,18.0,14.0,Драгоманова,20.0
115000.0,2.0,1613.0,4,25,2009,69.0,37.0,14.0,Липківського,18.0
58000.0,1.0,1758.0,8,9,1972,33.0,19.0,14.0,Новогоспітальна,0.0
30540.0,1.0,1021.4,9,26,2009,69.0,37.0,14.0,Радченка,18.0
259999.0,5.0,1625.0,5,6,1936,160.0,85.0,40.0,Богомольця,35.0
140000.0,3.0,1842.0,26,26,2016,76.0,49.0,10.0,Донця,17.0
160000.0,2.0,2078.0,3,26,2009,77.0,36.0,13.0,Оболонський,28.0
200714.3,4.0,2007.1,2,2,2009,100.0,80.0,20.0,Щекавицька,0.0
65000.0,3.0,1048.0,3,9,1960,62.0,43.0,9.0,Пожарського,10.0
74000.0,3.0,1000.0,7,9,1975,74.0,48.0,8.0,Полкова,18.0
67000.0,2.0,1218.0,3,16,1993,55.0,30.0,8.0,Палладіна,17.0
110000.0,2.0,1630.0,12,24,2009,69.0,37.0,37.0,Бойчука,18.0
127000.0,2.0,1512.0,14,24,2018,84.0,43.0,14.0,Липківського,27.0
180000.0,2.0,1915.0,4,10,2005,94.0,45.0,15.0,Павлівська,34.0
63000.0,3.0,875.0,3,9,1977,72.0,45.0,7.0,Івашкевича,20.0
42900.0,2.0,998.0,1,5,2009,43.0,29.0,14.0,Іскрівська,0.0
95000.0,3.0,1234.0,16,25,2017,77.0,45.0,12.0,Максимовича,20.0
255000.0,4.0,2318.0,3,4,1900,110.0,68.0,13.0,Драгомирова,29.0
100357.1,2.0,1593.0,6,30,2009,63.0,35.0,8.0,Драгомирова,20.0
115000.0,1.0,2614.0,2,7,2019,44.0,14.0,21.0,Теремківська,9.0
113300.0,3.0,1218.0,15,21,2009,93.0,55.0,11.0,Осокорська,27.0
268000.0,4.0,1381.0,18,20,2010,194.0,93.0,35.0,Дмитрівська,66.0
140000.0,3.0,1273.0,3,26,2009,110.0,37.0,14.0,Кондратюка,59.0
146000.0,3.0,1718.0,1,9,2015,85.0,40.0,17.0,Регенераторна,28.0
63000.0,3.0,900.0,23,23,2009,70.0,34.0,14.0,Глибочицька,22.0
495000.0,3.0,3367.0,14,23,2014,147.0,50.0,40.0,Глибочицька,57.0
275000.0,3.0,2644.0,5,24,2008,104.0,70.0,14.0,Героїв Сталінграда,20.0
73500.0,2.0,1361.0,2,9,1966,54.0,32.0,8.0,Борщагівська,14.0
57000.0,2.0,1056.0,7,26,2009,54.0,28.0,9.0,Ревуцького,17.0
121860.0,2.0,1741.0,2,9,2018,70.0,45.0,14.0,Юнацька,11.0
73000.0,2.0,1000.0,21,25,2009,73.0,37.0,14.0,Заболотного,22.0
39000.0,1.0,1147.0,3,5,1960,34.0,18.0,8.0,Автозаводська,8.0
92284.0,2.0,1138.0,6,34,2009,69.0,37.0,14.0,Заболотного,18.0
210000.0,2.0,1736.0,14,24,2008,121.0,60.0,30.0,Саксаганського,31.0
139900.0,4.0,1260.0,6,9,2009,111.0,37.0,14.0,Зарічна,60.0
145000.0,2.0,1686.0,17,23,2005,86.0,48.0,12.0,Героїв Сталінграда,26.0
76000.0,3.0,1086.0,6,9,1980,70.0,34.0,10.0,Героїв Сталінграда,26.0
796000.0,4.0,4020.0,7,15,2009,198.0,65.0,67.0,Драгомирова,66.0
97926.0,1.0,1900.0,9,30,2009,69.0,37.0,14.0,Драгомирова,18.0
46000.0,1.0,1438.0,2,5,1963,32.0,19.0,6.0,Гавела,7.0
115000.0,3.0,1135.0,13,25,2004,69.0,37.0,14.0,Здолбунівська,18.0
430000.0,3.0,3909.0,8,22,2014,110.0,62.0,14.0,Драгомирова,34.0
3210000.0,5.0,8025.0,10,10,1961,400.0,250.0,50.0,Мечнікова,100.0
127900.0,2.0,1776.0,13,24,2017,72.0,35.0,17.0,Максимовича,20.0
75000.0,2.0,1250.0,4,5,1938,60.0,45.0,9.0,Багговутівська,6.0
90005.0,2.0,1915.0,8,15,2009,47.0,17.0,20.0,Шолуденка,10.0
284999.0,2.0,3202.0,3,18,2005,89.0,50.0,16.0,Щекавицька,23.0
51000.0,3.0,850.0,2,9,1972,60.0,40.0,6.0,Коласа,14.0
320000.0,3.0,3107.0,8,24,2013,103.0,37.0,16.0,Перемоги,50.0
43000.0,2.0,782.0,24,26,2009,55.0,37.0,11.0,Перемоги,7.0
91000.0,1.0,1750.0,33,35,2009,52.0,20.0,22.0,Перемоги,10.0
185000.0,2.0,2256.0,6,9,2009,82.0,35.0,24.0,Наумова,23.0
49990.0,3.0,757.0,8,9,1976,66.0,45.0,8.0,Наумова,13.0
89000.0,1.0,2342.0,7,15,2009,38.0,20.0,7.0,Перемоги,11.0
170000.0,2.0,2656.0,5,7,1948,64.0,37.0,9.0,Велика Васильківська,18.0
46500.0,2.0,1011.0,5,5,1963,46.0,31.0,7.0,Вишгородська,8.0
